-- phpMyAdmin SQL Dump
-- version 5.0.2
-- https://www.phpmyadmin.net/
--
-- Host: 127.0.0.1
-- Generation Time: Jan 19, 2021 at 05:01 PM
-- Server version: 10.4.11-MariaDB
-- PHP Version: 7.3.20

SET SQL_MODE = "NO_AUTO_VALUE_ON_ZERO";
START TRANSACTION;
SET time_zone = "+00:00";


/*!40101 SET @OLD_CHARACTER_SET_CLIENT=@@CHARACTER_SET_CLIENT */;
/*!40101 SET @OLD_CHARACTER_SET_RESULTS=@@CHARACTER_SET_RESULTS */;
/*!40101 SET @OLD_COLLATION_CONNECTION=@@COLLATION_CONNECTION */;
/*!40101 SET NAMES utf8mb4 */;

--
-- Database: `kklms`
--

-- --------------------------------------------------------

--
-- Table structure for table `acc`
--

CREATE TABLE `acc` (
  `username` varchar(258) COLLATE utf8_unicode_ci NOT NULL,
  `password` varchar(258) COLLATE utf8_unicode_ci NOT NULL,
  `user` varchar(258) COLLATE utf8_unicode_ci NOT NULL,
  `status` int(8) NOT NULL,
  `getUser` varchar(258) COLLATE utf8_unicode_ci NOT NULL,
  `getPass` varchar(258) COLLATE utf8_unicode_ci NOT NULL,
  `getFrom` varchar(258) COLLATE utf8_unicode_ci NOT NULL
) ENGINE=InnoDB DEFAULT CHARSET=utf8 COLLATE=utf8_unicode_ci;

-- --------------------------------------------------------

--
-- Table structure for table `accessories`
--

CREATE TABLE `accessories` (
  `hw_name` varchar(255) COLLATE utf8_unicode_ci NOT NULL DEFAULT '-'
) ENGINE=InnoDB DEFAULT CHARSET=utf8 COLLATE=utf8_unicode_ci;

-- --------------------------------------------------------

--
-- Table structure for table `accessory`
--

CREATE TABLE `accessory` (
  `id` int(11) NOT NULL,
  `hw_name` varchar(255) COLLATE utf8_unicode_ci NOT NULL DEFAULT '-',
  `hw_type` varchar(255) COLLATE utf8_unicode_ci NOT NULL DEFAULT '-',
  `amount` varchar(255) COLLATE utf8_unicode_ci NOT NULL DEFAULT '-',
  `avail` varchar(255) COLLATE utf8_unicode_ci NOT NULL DEFAULT '-',
  `ram_info` varchar(255) COLLATE utf8_unicode_ci NOT NULL DEFAULT '-',
  `mhz_info` varchar(255) COLLATE utf8_unicode_ci NOT NULL DEFAULT '-',
  `slot_number` varchar(255) COLLATE utf8_unicode_ci NOT NULL DEFAULT '-',
  `current_ram` varchar(255) COLLATE utf8_unicode_ci NOT NULL DEFAULT '-',
  `max_ram` varchar(255) COLLATE utf8_unicode_ci NOT NULL DEFAULT '-',
  `spec_link` varchar(255) COLLATE utf8_unicode_ci NOT NULL DEFAULT '-',
  `building` varchar(255) COLLATE utf8_unicode_ci NOT NULL DEFAULT '-',
  `floor` varchar(255) COLLATE utf8_unicode_ci NOT NULL DEFAULT '-',
  `room_number` varchar(255) COLLATE utf8_unicode_ci NOT NULL DEFAULT '-',
  `room_name` varchar(255) COLLATE utf8_unicode_ci NOT NULL DEFAULT '-',
  `purchase_date` varchar(255) COLLATE utf8_unicode_ci NOT NULL DEFAULT '-',
  `user_type` varchar(255) COLLATE utf8_unicode_ci NOT NULL DEFAULT '-',
  `age` varchar(255) COLLATE utf8_unicode_ci NOT NULL DEFAULT '-',
  `deploy_date` varchar(255) COLLATE utf8_unicode_ci NOT NULL DEFAULT '-',
  `description` varchar(100) COLLATE utf8_unicode_ci NOT NULL,
  `image` longblob NOT NULL,
  `status` varchar(255) COLLATE utf8_unicode_ci NOT NULL DEFAULT 'active'
) ENGINE=InnoDB DEFAULT CHARSET=utf8 COLLATE=utf8_unicode_ci;

-- --------------------------------------------------------

--
-- Table structure for table `accessorylog`
--

CREATE TABLE `accessorylog` (
  `id` int(11) NOT NULL,
  `account` varchar(255) COLLATE utf8_unicode_ci NOT NULL DEFAULT '-',
  `date` varchar(255) COLLATE utf8_unicode_ci NOT NULL DEFAULT '-',
  `time` varchar(255) COLLATE utf8_unicode_ci NOT NULL DEFAULT '-',
  `hwid` varchar(255) COLLATE utf8_unicode_ci NOT NULL DEFAULT '-',
  `hw_name` varchar(255) COLLATE utf8_unicode_ci NOT NULL DEFAULT '-',
  `hw_type` varchar(255) COLLATE utf8_unicode_ci NOT NULL DEFAULT '-',
  `amount` varchar(255) COLLATE utf8_unicode_ci NOT NULL DEFAULT '-',
  `ram_info` varchar(255) COLLATE utf8_unicode_ci NOT NULL DEFAULT '-',
  `mhz_info` varchar(255) COLLATE utf8_unicode_ci NOT NULL DEFAULT '-',
  `slot_number` varchar(255) COLLATE utf8_unicode_ci NOT NULL DEFAULT '-',
  `current_ram` varchar(255) COLLATE utf8_unicode_ci NOT NULL DEFAULT '-',
  `max_ram` varchar(255) COLLATE utf8_unicode_ci NOT NULL DEFAULT '-',
  `spec_link` varchar(255) COLLATE utf8_unicode_ci NOT NULL DEFAULT '-',
  `building` varchar(255) COLLATE utf8_unicode_ci NOT NULL DEFAULT '-',
  `floor` varchar(255) COLLATE utf8_unicode_ci NOT NULL DEFAULT '-',
  `room_number` varchar(255) COLLATE utf8_unicode_ci NOT NULL DEFAULT '-',
  `room_name` varchar(255) COLLATE utf8_unicode_ci NOT NULL DEFAULT '-',
  `purchase_date` varchar(255) COLLATE utf8_unicode_ci NOT NULL DEFAULT '-',
  `user_type` varchar(255) COLLATE utf8_unicode_ci NOT NULL DEFAULT '-',
  `avail` varchar(255) COLLATE utf8_unicode_ci NOT NULL DEFAULT '-',
  `status` varchar(255) COLLATE utf8_unicode_ci NOT NULL DEFAULT '-'
) ENGINE=InnoDB DEFAULT CHARSET=utf8 COLLATE=utf8_unicode_ci;

-- --------------------------------------------------------

--
-- Table structure for table `accessorytype`
--

CREATE TABLE `accessorytype` (
  `id` int(11) NOT NULL,
  `list` varchar(255) COLLATE utf8_unicode_ci NOT NULL DEFAULT '-'
) ENGINE=InnoDB DEFAULT CHARSET=utf8 COLLATE=utf8_unicode_ci;

--
-- Dumping data for table `accessorytype`
--

INSERT INTO `accessorytype` (`id`, `list`) VALUES
(1, 'MOUSE'),
(2, 'KEYBOARD'),
(3, 'EARPHONE'),
(4, 'MICROPHONE'),
(5, 'SPEAKER');

-- --------------------------------------------------------

--
-- Table structure for table `classes`
--

CREATE TABLE `classes` (
  `id` int(11) NOT NULL,
  `name` varchar(255) NOT NULL
) ENGINE=InnoDB DEFAULT CHARSET=utf8;

--
-- Dumping data for table `classes`
--

INSERT INTO `classes` (`id`, `name`) VALUES
(1, 'TE3');

-- --------------------------------------------------------

--
-- Table structure for table `componenttype`
--

CREATE TABLE `componenttype` (
  `id` int(11) NOT NULL,
  `list` varchar(255) COLLATE utf8_unicode_ci NOT NULL DEFAULT '-'
) ENGINE=InnoDB DEFAULT CHARSET=utf8 COLLATE=utf8_unicode_ci;

--
-- Dumping data for table `componenttype`
--

INSERT INTO `componenttype` (`id`, `list`) VALUES
(1, 'CPU'),
(2, 'RAM'),
(3, 'ROM'),
(4, 'GPU');

-- --------------------------------------------------------

--
-- Table structure for table `courses`
--

CREATE TABLE `courses` (
  `course_id` varchar(16) COLLATE utf8_unicode_ci NOT NULL,
  `course_name` varchar(128) COLLATE utf8_unicode_ci NOT NULL,
  `details` longtext COLLATE utf8_unicode_ci NOT NULL,
  `teacher_id` varchar(255) COLLATE utf8_unicode_ci DEFAULT NULL,
  `topic1` longtext COLLATE utf8_unicode_ci NOT NULL,
  `lesson1` longtext COLLATE utf8_unicode_ci NOT NULL,
  `topic2` longtext COLLATE utf8_unicode_ci NOT NULL,
  `lesson2` longtext COLLATE utf8_unicode_ci NOT NULL,
  `topic3` longtext COLLATE utf8_unicode_ci NOT NULL,
  `lesson3` longtext COLLATE utf8_unicode_ci NOT NULL,
  `topic4` longtext COLLATE utf8_unicode_ci NOT NULL,
  `lesson4` longtext COLLATE utf8_unicode_ci NOT NULL
) ENGINE=InnoDB DEFAULT CHARSET=utf8 COLLATE=utf8_unicode_ci;

--
-- Dumping data for table `courses`
--

INSERT INTO `courses` (`course_id`, `course_name`, `details`, `teacher_id`, `topic1`, `lesson1`, `topic2`, `lesson2`, `topic3`, `lesson3`, `topic4`, `lesson4`) VALUES
('001', 'Pre-Starter', 'Details1', '3', 'aaaa', 'vbbvbnnnnnn', 'cccc', 'dddd', 'eeeee', 'ffff', 'gggg', 'hhhh'),
('002', 'Starter', 'Intro2', '3', '', '', '', '', '', '', '', ''),
('003', 'Movers', 'Intro3', '3', '', '', '', '', '', '', '', ''),
('004', 'Flyers', 'Intro4', '3', '', '', '', '', '', '', '', ''),
('005', 'Developer', 'Intro5', '2', '', '', '', '', '', '', '', ''),
('1', 'PreStarter', '<p>Details</p>\r\n', '3', 'What is it', '<p>hello it is <strong>eng </strong></p>\r\n', 'cccc', 'dddd', 'eeeee', 'ffff', 'gggg', '<p>hhhh</p>\r\n\r\n<table border=\"1\" cellpadding=\"1\" cellspacing=\"1\" style=\"width:500px\">\r\n	<tbody>\r\n		<tr>\r\n			<td>hi</td>\r\n			<td>&nbsp;</td>\r\n		</tr>\r\n		<tr>\r\n			<td>&nbsp;</td>\r\n			<td>&nbsp;</td>\r\n		</tr>\r\n		<tr>\r\n			<td>&nbsp;</td>\r\n			<td>&nbsp;</td>\r\n		</tr>\r\n	</tbody>\r\n</table>\r\n\r\n<p>&nbsp;</p>\r\n'),
('1024015965', '-', '-', '4', '-', '-', '-', '-', '-', '-', '-', '-'),
('1071018831', '', '', '4', '', '', '', '', '', '', '', ''),
('1475693743', '', '', '4', '', '', '', '', '', '', '', ''),
('1787801152', '', '', '4', '', '', '', '', '', '', '', ''),
('2', 'Starter', 'Intro2', '3', '', '', '', '', '', '', '', ''),
('3', 'Movers', 'Intro3', '3', '', '', '', '', '', '', '', ''),
('4', 'Flyers', 'Intro4', '3', '', '', '', '', '', '', '', ''),
('5', 'Developer', 'Intro5', '2', '', '', '', '', '', '', '', ''),
('558592177', 'JAVA', '<p>Java DEV</p>\r\n', '4', 'hi', '<p>kljlk</p>\r\n', '-', '-', '-', '-', '-', '-');

-- --------------------------------------------------------

--
-- Table structure for table `courses_lesson`
--

CREATE TABLE `courses_lesson` (
  `course_id` bigint(255) NOT NULL,
  `topic_number` int(20) NOT NULL,
  `lesson_number` int(20) NOT NULL,
  `lessons` longtext COLLATE utf8_unicode_ci NOT NULL
) ENGINE=InnoDB DEFAULT CHARSET=utf8 COLLATE=utf8_unicode_ci;

-- --------------------------------------------------------

--
-- Table structure for table `courses_quizz`
--

CREATE TABLE `courses_quizz` (
  `course_id` bigint(255) NOT NULL,
  `quizz_id` int(11) NOT NULL
) ENGINE=InnoDB DEFAULT CHARSET=utf8 COLLATE=utf8_unicode_ci;

--
-- Dumping data for table `courses_quizz`
--

INSERT INTO `courses_quizz` (`course_id`, `quizz_id`) VALUES
(1, 0),
(2, 0);

-- --------------------------------------------------------

--
-- Table structure for table `courses_topic`
--

CREATE TABLE `courses_topic` (
  `course_id` varchar(16) COLLATE utf8_unicode_ci NOT NULL,
  `topic_number` int(20) NOT NULL,
  `topics` varchar(255) COLLATE utf8_unicode_ci NOT NULL
) ENGINE=InnoDB DEFAULT CHARSET=utf8 COLLATE=utf8_unicode_ci;

-- --------------------------------------------------------

--
-- Table structure for table `ezhardware`
--

CREATE TABLE `ezhardware` (
  `id` int(11) NOT NULL,
  `hw_name` varchar(255) COLLATE utf8_unicode_ci NOT NULL DEFAULT '-',
  `hw_type` varchar(255) COLLATE utf8_unicode_ci NOT NULL DEFAULT '-',
  `amount` varchar(255) COLLATE utf8_unicode_ci NOT NULL DEFAULT '-',
  `avail` varchar(255) COLLATE utf8_unicode_ci NOT NULL DEFAULT '-',
  `ram_info` varchar(255) COLLATE utf8_unicode_ci NOT NULL DEFAULT '-',
  `mhz_info` varchar(255) COLLATE utf8_unicode_ci NOT NULL DEFAULT '-',
  `slot_number` varchar(255) COLLATE utf8_unicode_ci NOT NULL DEFAULT '-',
  `current_ram` varchar(255) COLLATE utf8_unicode_ci NOT NULL DEFAULT '-',
  `max_ram` varchar(255) COLLATE utf8_unicode_ci NOT NULL DEFAULT '-',
  `spec_link` varchar(255) COLLATE utf8_unicode_ci NOT NULL DEFAULT '-',
  `building` varchar(255) COLLATE utf8_unicode_ci NOT NULL DEFAULT '-',
  `floor` varchar(255) COLLATE utf8_unicode_ci NOT NULL DEFAULT '-',
  `room_number` varchar(255) COLLATE utf8_unicode_ci NOT NULL DEFAULT '-',
  `room_name` varchar(255) COLLATE utf8_unicode_ci NOT NULL DEFAULT '-',
  `purchase_date` varchar(255) COLLATE utf8_unicode_ci NOT NULL DEFAULT '-',
  `user_type` varchar(255) COLLATE utf8_unicode_ci NOT NULL DEFAULT '-',
  `age` varchar(255) COLLATE utf8_unicode_ci NOT NULL DEFAULT '-',
  `deploy_date` varchar(255) COLLATE utf8_unicode_ci NOT NULL DEFAULT '-',
  `description` varchar(100) COLLATE utf8_unicode_ci NOT NULL,
  `image` longblob NOT NULL,
  `status` varchar(255) COLLATE utf8_unicode_ci NOT NULL DEFAULT 'active',
  `groups` varchar(50) COLLATE utf8_unicode_ci NOT NULL DEFAULT '-'
) ENGINE=InnoDB DEFAULT CHARSET=utf8 COLLATE=utf8_unicode_ci;

-- --------------------------------------------------------

--
-- Table structure for table `ezhardwares`
--

CREATE TABLE `ezhardwares` (
  `id` int(11) NOT NULL,
  `account` varchar(255) COLLATE utf8_unicode_ci NOT NULL DEFAULT '-',
  `date` varchar(255) COLLATE utf8_unicode_ci NOT NULL DEFAULT '-',
  `time` varchar(255) COLLATE utf8_unicode_ci NOT NULL DEFAULT '-',
  `hwid` varchar(255) COLLATE utf8_unicode_ci NOT NULL DEFAULT '-',
  `hw_name` varchar(255) COLLATE utf8_unicode_ci NOT NULL DEFAULT '-',
  `hw_type` varchar(255) COLLATE utf8_unicode_ci NOT NULL DEFAULT '-',
  `amount` varchar(255) COLLATE utf8_unicode_ci NOT NULL DEFAULT '-',
  `ram_info` varchar(255) COLLATE utf8_unicode_ci NOT NULL DEFAULT '-',
  `mhz_info` varchar(255) COLLATE utf8_unicode_ci NOT NULL DEFAULT '-',
  `slot_number` varchar(255) COLLATE utf8_unicode_ci NOT NULL DEFAULT '-',
  `current_ram` varchar(255) COLLATE utf8_unicode_ci NOT NULL DEFAULT '-',
  `max_ram` varchar(255) COLLATE utf8_unicode_ci NOT NULL DEFAULT '-',
  `spec_link` varchar(255) COLLATE utf8_unicode_ci NOT NULL DEFAULT '-',
  `building` varchar(255) COLLATE utf8_unicode_ci NOT NULL DEFAULT '-',
  `floor` varchar(255) COLLATE utf8_unicode_ci NOT NULL DEFAULT '-',
  `room_number` varchar(255) COLLATE utf8_unicode_ci NOT NULL DEFAULT '-',
  `room_name` varchar(255) COLLATE utf8_unicode_ci NOT NULL DEFAULT '-',
  `purchase_date` varchar(255) COLLATE utf8_unicode_ci NOT NULL DEFAULT '-',
  `user_type` varchar(255) COLLATE utf8_unicode_ci NOT NULL DEFAULT '-',
  `avail` varchar(255) COLLATE utf8_unicode_ci NOT NULL DEFAULT '-',
  `status` varchar(255) COLLATE utf8_unicode_ci NOT NULL DEFAULT '-',
  `groups` varchar(50) COLLATE utf8_unicode_ci NOT NULL DEFAULT '-'
) ENGINE=InnoDB DEFAULT CHARSET=utf8 COLLATE=utf8_unicode_ci;

-- --------------------------------------------------------

--
-- Table structure for table `ezhwtype`
--

CREATE TABLE `ezhwtype` (
  `id` int(11) NOT NULL,
  `list` varchar(255) COLLATE utf8_unicode_ci NOT NULL DEFAULT '-'
) ENGINE=InnoDB DEFAULT CHARSET=utf8 COLLATE=utf8_unicode_ci;

--
-- Dumping data for table `ezhwtype`
--

INSERT INTO `ezhwtype` (`id`, `list`) VALUES
(1, 'RAM'),
(2, 'ROM'),
(3, 'CPU');

-- --------------------------------------------------------

--
-- Table structure for table `hardware`
--

CREATE TABLE `hardware` (
  `id` int(11) NOT NULL,
  `hw_name` varchar(255) COLLATE utf8_unicode_ci NOT NULL DEFAULT '-',
  `hw_type` varchar(255) COLLATE utf8_unicode_ci NOT NULL DEFAULT '-',
  `amount` varchar(255) COLLATE utf8_unicode_ci NOT NULL DEFAULT '-',
  `avail` varchar(255) COLLATE utf8_unicode_ci NOT NULL DEFAULT '-',
  `ram_info` varchar(255) COLLATE utf8_unicode_ci NOT NULL DEFAULT '-',
  `mhz_info` varchar(255) COLLATE utf8_unicode_ci NOT NULL DEFAULT '-',
  `slot_number` varchar(255) COLLATE utf8_unicode_ci NOT NULL DEFAULT '-',
  `current_ram` varchar(255) COLLATE utf8_unicode_ci NOT NULL DEFAULT '-',
  `max_ram` varchar(255) COLLATE utf8_unicode_ci NOT NULL DEFAULT '-',
  `spec_link` varchar(255) COLLATE utf8_unicode_ci NOT NULL DEFAULT '-',
  `building` varchar(255) COLLATE utf8_unicode_ci NOT NULL DEFAULT '-',
  `floor` varchar(255) COLLATE utf8_unicode_ci NOT NULL DEFAULT '-',
  `room_number` varchar(255) COLLATE utf8_unicode_ci NOT NULL DEFAULT '-',
  `room_name` varchar(255) COLLATE utf8_unicode_ci NOT NULL DEFAULT '-',
  `purchase_date` varchar(255) COLLATE utf8_unicode_ci NOT NULL DEFAULT '-',
  `user_type` varchar(255) COLLATE utf8_unicode_ci NOT NULL DEFAULT '-',
  `age` varchar(255) COLLATE utf8_unicode_ci NOT NULL DEFAULT '-',
  `deploy_date` varchar(255) COLLATE utf8_unicode_ci NOT NULL DEFAULT '-',
  `description` varchar(100) COLLATE utf8_unicode_ci NOT NULL,
  `image` longblob NOT NULL,
  `status` varchar(255) COLLATE utf8_unicode_ci NOT NULL DEFAULT 'active',
  `groups` varchar(50) COLLATE utf8_unicode_ci NOT NULL DEFAULT '-',
  `note` varchar(255) COLLATE utf8_unicode_ci NOT NULL DEFAULT '-',
  `info` varchar(255) COLLATE utf8_unicode_ci NOT NULL DEFAULT '-',
  `brand` varchar(255) COLLATE utf8_unicode_ci NOT NULL DEFAULT '-',
  `contact` varchar(255) COLLATE utf8_unicode_ci NOT NULL DEFAULT '-'
) ENGINE=InnoDB DEFAULT CHARSET=utf8 COLLATE=utf8_unicode_ci;

--
-- Dumping data for table `hardware`
--

INSERT INTO `hardware` (`id`, `hw_name`, `hw_type`, `amount`, `avail`, `ram_info`, `mhz_info`, `slot_number`, `current_ram`, `max_ram`, `spec_link`, `building`, `floor`, `room_number`, `room_name`, `purchase_date`, `user_type`, `age`, `deploy_date`, `description`, `image`, `status`, `groups`, `note`, `info`, `brand`, `contact`) VALUES
(1, 'COM1', 'COMUPER', '12', '12', '4', '2', '4', '8', '12', 'from', 'A1', '2', '11', '11', '2018-01-14', 'USER', '2', '-', '1', 0x89504e470d0a1a0a0000000d4948445200000200000002000806000000f478d4fa0000000473424954080808087c086488000000097048597300000f6800000f68015ef24de80000001974455874536f667477617265007777772e696e6b73636170652e6f72679bee3c1a000030fc4944415478daeddd79a0ce75defff11c32646d993bce9148346aee68d1325448d3eeb421d94b2525946875a488b44d656923122d96a2850a158954b79926355a55b66930a6b164fbdcefefb9bed585b35ccb77f92ccf3f1efffdeefbd7ed5cd7e7f53cd7f95edfef3e4aa97d0068ae20bfa2a8251a8996a28de8216e130f88f1628a9829668bb7c5fbe223f177f1855821d6880d6293d821768a2d62a3f851ac14df887f884ffcfff945e25df19698e1fffff5a0b8435c2bda8b33451371b83840e4f07303f4c63f0210efb09717f5442bd15d0c11cf8a3962a9f85e6c16ca305e58acf743c20b87b1a2407413a78bfaa202af018000006c1df81c514734f7c7ef4e31c1ff8dfa7b7f2895a37689b5e203ffd30bef938cebfc4f380ee6f50310008029637f903f5ebdc5536289a1bfbdebe25fe21d31caff53430bf13fbcd600020088f3637bef6ff19dc408314bac62b023f3a37f8dc348ffcf26478bb2bc36010200087af0bdbfd177168ffb17c66d6784b5f35f3f0aee1517175e30c96b1720008034c6be9c7f357b1fffefd2ab195763799fca4c1737fb7f9aa9c26b1c2000805f06bfaaff15b6c162aefff538c6d34eded71e178ba1fe3711f816020800c0b1abf24ff2afc65fecf855f8aedbe27fddf2567122d711800000ec1bfd1aa28b982cd6317c28c6bfc5cbe27a7114ef1d100080997fc73fd5ffa8f763fffbe60c1cd2e5dd11f121711a9f0e800000f41dfd6afe6ff953fddbda326008faab87e344ebc2db32f39e030100c43afa554407fffef43f3352888877a1e834ff3e10fbf35e0401004433fa95443bff00dec2182166dbfd0b09af2606400000c18f7e45ffe62e2ff0353d68ec67ff4f501714de2d92f72e080020e3afeb9d2526899f181718669dff0c833ff17e060100a436fcde33ef07facfae674860832fc5207138ef711000c0eea35fd6bfba7aa67fb7364603b65a282ee79b042000e0faf0d715778b950c031cfc13c17d850f9ae22c00010047467f5f718978831bf40085ef81d7c4b985d7bd704680008085c37f90ffb7fdb51cfa4091be1637890338334000c086e1af2f468bcd1cf0404ab6f8771d3c8e330404004c1cfe66feb3d879da1e9039ef11d56770a68000800957f37b7fdf5fc4c10d04ea23d186eb04400040c7dbf3f6125f715003a15a2eba73a7411000887bf8abfa17f6ade7600622e57d75f6465199b3080400a2fe8d7f80ff5d660e63203e5e7cdf250ee46c0201803087bf82e8cb57f900ed6c1477f089000800043dfce5454feed80768cf8bf3ebb946000400b21dfe72fe05473c980730cbb7a20bdf1a0001807487df7b146f27ff29661ca680b93e151770ae8100402ae3df5c2ce5e004ace2dd9ba305671c080014f764bea91c9480d5bc070f1dc199070200fb145e355c903f546ce570049cb0cd7f147155ce4002006e0e7f19d155ace640049cb446742b3c0b381309003833fe4dc5120e4000e203711267230100bb87bfb698cc8107600fbbc4785193b39200807d4fe9eb273671d00128c17f447f6e244400c08ef16f2c3ee4600390e6fd03f8b30001004387dfbb6fff30b19dc30c4006768a870a1ffec5994a00c0a89bf92ce7000310806fc4199cad0400f41efeeae209ff821e0e2e00411a2bf6e7ac2500a0dff85f245671480108d1eac2b3863397008016c35f434ce3600210a12985670f67300180d8c6bfb5f891c308400cd68b4b388b0900443bfcfb89311c400034f014df14200010cdf81f2b3ee7d001a011ef5b47c7734613000867f873fc3b746de3b001a0e953066f2e3cab38b309000436feb5c45c0e1800069857786671761300c87afcdbf817db70b00030e902c18b39c309006436fc95c5380e1200067b920b040900a437fe4788651c1e002cf089a8cfd94e00a0f4f1bf406ce4d0006011ef4ccbe78c270050fc55fe43b98f3f004bedf2cfb8b29cf904007e1bff03c56c0e08000e78531cc4d94f002071639f6f39140038e43bd1840d20005c1effae620b870100076d1557b10504806bc35f5e8ce2000080fcb1a202db4000b830fe078b85bce901e057de99f87b368200b079fc1b8a6f78b303c05ebe2e3c23d90a02c0c2f16f2136f0260780627967e4e96c060160d3f877563cc50f0052e19d9557b01d04800de33f88373400a4ed1e51861d21004cbdd27f026f6200c8d88ba2229b42009834fed555e299d8bc8101203b8bc4ffb02d048009e35f57f1243f000892f7eda9c3d9180240e7f13f4eace5cd0a00815b2dfe97ad2100741cff668ac7f8024098d68913d81c0240a7f13f436ce2cd0900a1fba9f0be2a6c0f01a0c1f8e7fb0fb5e08d0900d1f01ea2763e1b4400c439feedc576de8c001039efecbd8c2d2200e218ffee62276f4200888d7706f76093088028c7bf8fd8c59b0f00b430806d2200a218ffdb79b3018076ee60a3088030c77f386f3200e093000280f10700e8a52f9b4500f0b13f00b8e93ab68b0008ea823fde5000600eef22edabd8300220dbaffa71b53f00981901ddd8320220d39bfcf03d7f0030fb3e011dd9340220dddbfb72873f0030df0ed18e6d2300527db00ff7f60700bb6e1b7c1e1b470094f6485f9eea0700f6f1cef693d83a02a0a8f13f4e6ce44d0200d6fa973882cd230092c7bfae58cb9b0300acf78da8c9f61100def85717cb7853008033968aaa0480dbe35f5ecce3cd0000ce995bb8010480b301308137010038eb39518600706ffc07f1e20700e73d4400b835fe9da37e914d3ef80435baec3181fbb46513a56e3f37f8ffe691a729b5a056f0e6d456aad7c9e1fc3bbfde209cff6684282fe1c14395baf56cc60871e94700b831fe2dc4b6a85f60130f6ca21edda771e03e39f98f4a75ac177c048c3c55a98579c19b97abd42535c38980d9f5c3f96f46f8ee97d7c565758900c479cbe0f30900bbc7bfa1d810c70b2cb40038e9c8c4a0061d0161074018114000981d00de6b8208407cfe238e2200ec1cff83fdef7f2aab02e0843ffc36a84146401401e0b9fe640200bf05001180787d290e2000ecfbbadfc2385f58a105409306bb0f6a501110550004190104801d014004205e6f897204803d01302aee1755680170dce17b0f6a101110650004150104803d014004205e0f1300768c7f571d5e50a105c0b187153da8d94640d4011044041000760500118078752700cc1eff63c516270320db08882300b28d0002c0be002002109f9f95f7845802c0c8f13f507cabcb8b299600c82602e20a806c228000b033008800c4c77b485c6d02c0acf1cf11b3757a21c516009946409c019069041000f606001180f87c2c2a1000e604c050dd5e44b1064026111077001446c09f0800028008800ec61000668cff05621701906504e81000e9460001607f001001884f3b0240eff13f426cd4f1c5a34500a41301ba04403a114000b811004400e2e16d4b3d0240cff1af2c96e9fae2d12600528d009d0220d5082000dc09002200f1f8a8f0c67204807601304ee7178e5601904a04e81600a9440001e056001001e026410480fc40dae8fea2d12e004a8b001d03a0b4082000dc0b002200f1b89000d063fc6b89f50440c011a06b0094140104809b014004207ade5365eb1000f17fdf7fae092f186d03a0b808d039008a8b0002c0dd00200210bd45625f0220be00e86fca8b45eb00282a02740f80a2228000703b008800446f040110df7dfeb71100870537a8c911604200ec19010400014004205ade3d674e2300a21dfffdc4e726bd508c0880e408302500922380002000880044efebc2afa113009105c018d35e24c604c02f11f048537302e09708200008002200f1788c008866fc5b9bf802312a003c97d756eae69ac1bb29a400f0dc2ce1724b5e38ffdd08d75521bd26880044e72c0220dcf1af217e2400220800c0164400a2f183a84e00841700d34c7d711000001100eb3d43008433fe1799fcc22000002200dc259000487ffcab8b55040001001001d0dc3fc5ef0980e002e009d35f1404004004c01953098060c6bfb97fb30502800000880098a20d0190ddf85710cb6d78311000001100a7ac14550880cc0360982d2f0602002002e09c870880ccc6bfb1d84e00100000110043ed28dc320220adf12f2b3eb4e98540000044009ce43d36b80c01907a00f4b3ed4540000044009c75350190daf8d7169b0800020020026089f53ade1b40c700986ce30b8000008800386d3c0150f2f837b5f5874f00008645c06d440002771a0150f4f897114b08000200200260a94fc5be04c0de01d0d5e61f3c0100100180e84d00ec3efe95c56a028000008800586e5de103ee08805f0360a8ed3f740200200200df08022031fe75c55602800000880038c2dbbc3a0480f7d844077ee004004004004926bb1d008947fd2a02800000880038c67bccfd096e0640417e8e584a00681a00d734526a74a7e03d72597807f3880bc3f96f46f8fa372302e0a2f9ae064027977ed0c605c0dde728b5eed5e0fdf0627887f2d2c7c2f96f46f8c65fcd270170d5856e0540417e39f125014000100030360088000463795c37078a2b00babbf64326000800581800440082d1cb8d0028c82f2f561000040001002b02800808d6e03395bae37cd7feef5e2bf67321007abaf8a226000800581c00444030ee3a4fa929f595ea72848b11d0cfee0028c8af2056120004000100eb028008c8cea0d64acd6ca8d4ac4313ff96ee4540e49f02441d007d5d7d71130004001c0800222073938e556a619e52af1ff2dbbfa57b11d0cfce0028c8afe4170e0140001000b037008880f43dd62c31fe9e576bedfe6fe9560444fa2940940130c0e51738014000c0a100200252f7402ba5161c921400797bff5bba1501fdec0a8082fcaafe23100900028000801b014004946ea89c33f3eafc36fec505805b1110d9a7005105c040d75fe8040001000703800828de9dad957abdc1eee35f5200b81501fdec0880c4dffed71300040001002703800828da94a3f71effd202c09d0888e453802802a0172f7602800080d3014004ec6eec49458f7f2a01e04e04f4333b000af2cb8aaf79c1130004009c0f002220e1e1164abd572bbb00702302d688df991c009730fe040001000280082834fc2ca5dea95dfcf8a713006e44403793036011e34f00100020008880c2dbfcbe7178c9e39f6e00d81f017f3533000af29b31fc0400010002800828f4f251a58f7f2601607f049c6e62004c67f809000200040011a0261e9fdaf8671a007647c02b660540417e7db193e12700080010008e47c0e853521fff6c02c0de08d8251a981400a3197d0280000001e07804dc778652f30f892e00ec8d809166044041fe416233a34f00100020001c8e8021e72a35b76e7ae31f4400d819019bc4fe2604c04006df8200b8ad45625083b6f8a1f00ed0d983c2f96f46f81e694f00d81401835acb90ff21fdf10f2a00ec8c80017a074041febe2e3ff2d7aa0000400464eaf9c6998d7f9001605f047c2fcae91c00dcf88700001048049c63e679f7e49f321fffa003c0be0868af7300bcc1d81300001c8d80875a967c9bdf3802c0ae087847cf0028c8afeb7f5d81c1270000b81601c3ce56eaed43b31bffb002c0ae0868a06300dccdd01300001c8c80c132acb3eb673ffe6106803d11305caf00483cf56f25434f0000703002a6fd3198f10f3b00ec888035415d0c185400b466e40900000e46c08413821bff2802c08e08b850a70098c9c81300001c8b8091a7053bfe510580f911f08a1e0150905f4bec60e40900000e45c0883f2bf56e6d7303c0ec08d851b8bd1a040077fe230000b81401779fabd45b87053ffe510780d911707bbc0150909f235630f00400004722c0bbcdefcc86e18c7f1c01606e047c2dcac419006731ee040000872260f2b1e18d7f5c01606e04b48a33002631ee04008018758830021e6f1aeef8c719006646c0e47802a020bfa2f889712700003810010fca2f9b0b6ad91d00e64580f798e04a7104c0c50c3b0100c08108b8e76ca5e6d5097ffc750800f322a06d1c01f002c34e0000b03c02ee94217cbd4134e3af4b00144640035322604ab401e07de490f8e88171270000d81c01538e8e6efc750a00732260b3a81c6500b463d40900009647c0b813a31d7fdd02c09c08b834ca0098c6a81300002c8e80475a28f55e2d02c08c0898164d0014e457115b1875020080a51130fccc706ef36b6a00e81f015b0ab7398200e8c0a01300002c8d80bbce53eacd7af18cbfce01a07f04748822006630e80400000b23609078f9c8f8c65ff700d03b025e0e37000af2ab899f19740200808511f0ec71f18ebf0901a06f046c1555c30c802e8c390100c0c20818734afce36f4a00e81b011dc30c80a98c390100c0b208b8ff0ca5e61f4200981f01cf87130005f9e5c446c69c00006051040c3957a9b975f5187fd30240bf08582fca861100a732e40400008b22e08eb3957aed087dc6dfc400d02f029a861100431972020080459e3c44aff1373500f48a80bbc308808f197202008025eeced56ffc4d0e007d22e0e36003a020bf86d8c5901300002cd057c67f411e01606704ec2adcec000380afff1100006c708598abe9f8db10009eceb14740d720036032234e0000305c7bf1b2c6e36f4b00c41f01cf07130005f939621d234e000030dcf85cbdc7dfa60088370236a4f275c05402e024069c000060b8fb0d187fdb0220de0868164400dcc9801300000c76b321e36f6300c4170143820880c50c380100c0503dc43b7904807b11b028bb00f09e2c5490bf930127000018a8a378dda0f1b73900a28f806d62bf6c02e04cc69b000060a0b6e2b95cb3c6dff600883e025a64130083196f02008081461a38fe2e0440b41130309b0098cb781300000c33c8d0f1772500a28b8037320b80c4e37f3731de040000835c2fe6e711004480e7a792ee075052003461b809000006e926de3278fc5d0b806822e0f84c02a00fc34d000030c4a562bae1e3ef6200841f017d330980290c370100c0106373cd1f7f570320dc08989a4900ac66b809000006186ec9f8bb1c00e145c0daf402a020bf1ea34d000030c04d32feefe511004440498e4827003a33da040000cd5d29e65934fe04405811d02d9d00789cd126000068ac43cdc4582e24008880523d924e007cc2681300c0afba8aa73a2a75dd31fc5be8a08d7836d7bef12700c28a8005a90540417e79b19dd126008042edc4343994573dadd4ba5795fa78a452a32406ba35e0df262e0f5b3afe04405811e0dd10a84c2a01d088c12600805f3de98fcd9a098900f8c58f33957afb1ea586b556aafda1fc3b45e50e8bc79f00083302eaa712009d186c020028744fd2d8ec1900c9564e516ac62d4addda5ca936b9fcbb85e55af16e1e01400464a26d2a013082c126000075e31e5f2f2b2900927df18c5213af55aad7b1fc1b06a98b78c3f2f12700528880f332dda17b520980590c360100be5ea6e6ee7130a71a00c93e1ea5d4e84e5c2f10c47518531d187f0220cc0898954a00ac62b0090038ec32f14a1107732601907cbdc03bc3941a9ecff50299783cd78df12700c28c803525074041fe418c350100c7bf5e36b198b1c9260076bb5e60aa52336f55eaf6165c2f908a210e8d3f01107604d42c29005a32d604001cf650096313540024fb72a25293ae53eafae3f8b72fca0df2f35890470020a80838a7a400e8cd58130070d46da5fca6194600245b3a5aa9319d95bafc0ffc2c3c5714711d060180ec22e0b69202e029c69a0080837aa6f0f5b2b00320f97a8177872b75ef054a5de6e8f502edc50c07c79f00083b02269514004b186b0200ae1d1e62760a07735401906cd534a55e915f5a6e6fe9d6f5021372dd1c7f0220ec08f8a0e80028c8cf119b196b02000e692b5e4cf1608e2300927de55d2fd04ba9eb8fb7fb67f280c3e34f00841d01eb8b0b803a0c350100c78c49636ce20e80ddae171823ffed5d94bac2b2eb056e717cfc0980282260ffa202a039434d00c02177a539363a0540f2f502f3ef556ac4854a75a863f6cfe31af14e1e014000841d014d8a0a806e0c35010047f4a999fed7cb740c803daf1778f57639f84e37ef7a814e6216e34f00441201ed8b0a803b196a02000eb85cccc9e060d63d0076bb5ee059a5265f2fa1d3c48ceb309ee7a37f0220b208b8a3a80098c050130070e0eb652f6778309b1400c9fefa98528f7755aa7b433d7f26a3197f0220d208185f5400bccb501300b0dcf82cc6c6d400f8c5bf5e516ac108a5eebb489feb050633fe0440e411b0a0a800f89ea1260060b1fbb21c1bd30360cfeb055ebb43a981ad946a1bd3e0f4aee9de6d7e09001d2260cdee0150905f5eec64a8090058eae6007ed3b42900927d3d49a9e77a2bd5e784e87e1eddc45b8c3d01105b04544e0e807a8c3401004bf508e8eb65b60640b2bf3da6d413dd94ea7e64783f8f4bc54b0c3d01106304f46f75727200b462a4090058a8a3783da083d9850048be5ee0bdfb94baffe2e0af1718c7dffd098098b5c93d3f3900ba33d204002cbccdef73018e8d4b01906cf57489a881f23e3e23fbeb05ee65fc09002d5c911c004318690200961919f0d8b81a00c9be99a4d4f37d94ea7b62fa3f8ffef2f3788f812700b4704b72003ccb481300b0c8a0107ed3240076f7c9134a3d71b95257a670bdc055e26dc69d00d0c643c901308791260060895e627e1e0110e9f502f72bf5c0254a75acbbf7cfa343cdc4a831ee04803e262507c052469a008005ba8a37433a980980d2ad99aed4ac02a506fd3971bd401bf9794ce6effe048076e624070037012200603aefeb65d3433c98098034af1798acd473e731e8e97a850088c027c901b09991260060b8a742fe4d930048df7b3d18743e01d0d13f130150905f9181260060b861117ccc4c00a4ef43028000d0d24e51d60b805a0c34010083f58be8eb65044006df14200008006d1dec054023069a0080a1ae14f3223a980980f4fd83002000b475b417002d19680200068afaeb650440fa9613000480b65a7901d08681260060dabdbcc5b3117fbd8c00200008009b74f002a007034d00c0307f89e1bbe50400014000d8a4af1700b731d004000c727b4c37962100080002c026c3bc00788081260060886bc5bb790400014000205b8f7a01309e8126006080ce62768c073301400010003679d20b80290c340100cdb51353623e980900028000b0c9335e00cc64a0090068ee710d1e284300100004804d5ef4026036034d0040634334799a1c01400010003699e105c0db0c3401004ddd20e3bf208f0020000800046db61700ef33d0040034748598abd1c14c00100004804ddef102e023069a008066da8b199a1dcc0400014000d8649117007f67a00900686642ae7e0733014000100036f93f2f00be60a0090068e4fe5c3d0f6602800020006cf29917002b186802009ab82557df839900200008009b7ced05c01a069a0080067a8877f20800028000e03c88c22a2f003630d0040062d651bcaef9c14c00100004804dd67901b08981260010a3b6e2f95cfd0f6602800020006cf25f2f007630d0040062342ad78c839900200008009becf002603b034d00202677e69a73301300040001605d006c64a00900c4e07a313f8f0020004000c461931700ab1968020011eb26de32ec602600080002c0261bbc00f88a81260010a14bc54b061ecc0400014000d8648d17009f30d00400223436d7cc839900200008009bacf0026031034d002022f7e69a7b30130004000160932fbc0098c740130088407f19fff7f20800020004800efeee05c0ab0c340180905d25de36fc602600080002c0261f7901f022034d0020441d6a260eb5850400010002401bef7b01309e8126001092366252ae1d073301400010003679db0b80d10c340180903c9c6bcfc14c00100004804d667b01703f034d00200477e4da753013000400016093995e00dcc540130008d875e2dd3c02800060d009005d4df102e016069a004080ba88372c3c980900028000b0c9782f007a33d0040002d24e4cb5f4602600080002c0260f78017025036d70007496fffd4f7557eaaaa37841ebe0895c7b0f6602800020006c729b17001d18688303e086ee8983e65faf28f5fe034a3dd856a94e7c2a108ba1b9761fcc0400014000d8a48717001732d00607c02dd7ee7de8ac7949a9d983941a7ca6526d793345e206c36ff34b00100004806bda78017026036d70000cbaa1e403e8dbe7949a22ff6ffa9dcc0b3e2cddc55c070e6602800020006cd2d20b80531868830360d8ada91f46cb9e526a6c77a5aefe5f5efc41b94ccc74e4602600080002c0268dbc00389281363800ee2b48ff50f2ae1758f4a0527f69a754e77abc11b2f14cae3b0733014000100036a9e505406506dab10048b6f665a5de1cacd45d672bd5ae166f8a743c98ebd6c14c00100004804d2aeea394f222603d23ed6800245bf1bc5253fb29755353de1ca5b935d7bd839900200008005b6cf6b6ff970058ca481300bb5f2f3056a971572ad583eb05f6728d85b7f92500080002c025df2707c00c469a0028f67a81c50f71bdc02f3a89598e1ecc0400014000d8626972008c64a40900ae1728455bf182c307330140001000b698931c0003186902202ddff9d70bf477e87a81d1b96e1fcc0400014000d8e2d9e40068cf48130019fb6c9c524f5fa5548fa3ed7dc30ccee5602600080002c016439203a029234d0004e28387957ab8bd5dd70bf4160b38980900028000b046f7e400388491260002bf5ee0adbb941a72ae52971e62ee1ba59b98c3a14c0010000480555a25074059b183a12600c2b95ee005a5a6dfa4d4806666bd492e152f73201300040001609d7abf05402202be63a80980d07dfeb452e3af56aa6723fddf244ff3777f0280002000acb35394df33001630d40440a4963cacd423ed95ea72b87e6f92118c3f0140001000f6de0468cf0098c4501300b15d2f30e76e7dae17e8cff8130004000160ad778b0a80610c350110bbef5f546a7a7fa5069c12cf9be36af13687300140001000d69a505400f464a80900adfc63bc5213ae51aa67e368de181dc56b1cc0040001400058edcea202e07c869a00d0d6878f28f5e8654a75a91fce9ba28d98cc47ff040001400058af5b5101d088a12600b4f7cf194acd1da2d4d0f382bd5ee011c69f002000080027342f2a00f667a80900e3ae1778698052b79c2abfc1e766fe8618c8f81300040001e08c3a7b07402202fec3581300661eb4e3957ae61aa5ae3d26bd37432f319f43970020000800276c1639c50500f7022000ccf7d1a34a8deca054d752ae17e82adee4c02500080002c0194b92377fcf007898b12600acba5e60de50a5ee395fa9f6b5777f23b413d3386c090002800070ca5325054057c69a00b0d20f53949a71b352b7364f5c2ff0247ff72700080002c039bd4b0a00be094000d8ef83e11cb20400014000b8a8654901504e6c65b00900ab7dfe28872c01400010002e3aa8f8004844c012069b00b0da5704000140001000ce59b5e7de1715008f31d80480d5be2300080002800070ceac5402a007834d00586d25014000100004807346a412002730d8040001000280002000acd2299500a820b633da040001000280002000acd1a8f4004844c0df186d02800000014000100056d82ecaa71a004f33da040001000280002000acf049515b5f5c00f466b409000200040001400058e1f17402e014469b002000400010000480153aa7130055c42e869b002000400010000480f1eaa51e008908f807c34d0010002000080002c068ab8bdbf99202e039869b002000400010000480d1a6641200fd196e02800000014000100046eb9349009cce70130004000800028000305a934c02603f1e0d4c0010002000080002c0589b44b9f40320110173186f028000000140001000469a5bd2c69716005c07400010002000080002c04c83b30980c68c37014000800020000800239d994d0094116b197002800000014000100046d929aa661e00890898c88013000400080002800030cae2d2f63d9500e8c48013000400080002800030ca9d4104400d069c002000400010000480514eca3e001211f057469c00200008005e3f0400016084752227a80018c1881300040001c0eb870020008c3039956d4f35005a31e20400014000f0fa2100080023740932002a88cd0c39014000100020000800aded1235820b804404cc62c809000280000001400068ede354773d9d00b88121270008000200040001a0b5a16104c0510c39014000100020000800ad9d1a7c0024226025634e0010000400080002404b1b4b7afc6fb601308e31270008000200040001a0a5a9e96c7aba01d09e3127000800020004000160eed7ff320d8003c436069d002000080010000480567e16d5c20b804404cc60d0090002800000014000686546ba7b9e4900b465d009000280000001400068a543140150516c64d409000280000001400068618ba8127e002422602ca34e0010000400080002400bd332d9f24c03a025a34e0010000400080002400beda20c801cf103c34e001000040008000220569b44a5e802201101f732ec04000140008000200062f542a63b9e4d001ccdb013000400010002800088d5c5d107402202fec6b813000400010002800088c54fa2625c01d09f71270008000200040001108b49d96c78b601504bec64e009000280000001400044eeacf802201101731978028000200040001000915a2172e20e80cb1978028000200040001000911a98ed7e071100d5c416469e0020000800100004402476885af1074022025e60e409000280000001400044626610db1d5400b466e409000280000001400044a2b54e01b0aff817434f001000040008000220542b45597d022011017f61e809000280000001400084eaeea0763bc800a8c73d01080002800000014000846697a8ab5f002422601a634f001000040008000220146f04b9d941074033c69e002000080010000440282ed137001211f001834f001000040008000220506bc5beba07c0a50c3e014000100020000800bdeefc1745009413df31fa040001400010000400011088cde220fd032011013731fa040001400010000400011088d1616c755801e03d1fe027869f00200008000280d70e0190959da2be3901c08d8108000280000001400004617a583b1d66001cc68d810800028000200078ed10005969665e002422602ae34f001000040001000220238bc2dce8b003a029e34f001000040001000220fe1bff441b008908584c0010000400014000800048cbd7413df52fce00684700100004000140008000484bafb0f7398a00f06e0cb482002000080002800000019092f5a292f9019088801b0900028000200008001000f1dcf637ce00f06e0cb4910020000800028000000150a275a2aa3d01908880db0800028000200008001000251a10d52e47190095c46a0280002000080002000440b18ffcad645f002422a00701400010000400010002a0487da3dce4a803c0fb46c07202800020000800020004c06e568a0af606402202da100004000140001000200076d333ea3d8e3e001211f00101400010000400010002a0d00a51de950068490010000400014000800028d43d8e2d8e27001211308b002000080002800080e301f0a528e75a003416bb080002800020000800381c009de2dae1f802201101cf120004000140001000703400968a1c5703a0aef8990020000800028000808301d03cce0d8e37001211f030014000100004000100c702606adcfbab4300fc5efc870020000800028000802301b055d42500121130900020000800028000802301305487edd525002a8b350400014000100004000160f9f8af16950980dd23e05a02800020000800028000b03c00baeab2bb3a05c0bee25302800020000800028000b0d412518600283a029ada7a732002800020000800381f004d75da5cbd02201101a308000280002000080002c0329375db5b1d03a0aa58490010000400014000100096d8246a1300a945c0850400014000100004000160897e3a6ead9e01908880690400014000100004000160b80f45590220bd00c8151b09000280002000080002c050db45635d7756df004844400f0280002000080002800030d4309d3756f700282316100004000140001000048061968b0a04407611d0d086470613000400014000c09900d815f7a37eed088044040c2200080002800020000800433c61c2b69a1200e5c56704000140001000040001a0b955a23a01106c043433f936c1040001400010007022002e326557cd098044048c21007637a3651bb5b0f7f548c7b55dd4c28e0d90aeebaee4b593aeabcee175539af6e26271be38ab81fabf730e3779fca799b4a9a6054035b18a0000003b4dacf24753c7ff475183000837022e2200008000d04c6bd3f6d4bc004844c02402000008004d8c31714b4d0d802a62390100000440cc3e17fb1100d1464063b195000000022026dbc4b1a6eea8b9019088809e040000100031e96ff2869a1d008908789100000002206273450e0110ff5703bf220000800088c87a51cbf4fd343f00121170bcee0f0c220000c09a006863c376da11008908e84d0000000110b271b6eca63d0190888097080000200042b24c542600f40c80fdc5b7040000100001db288eb06933ed0a8044049c24b6eb1700c7f3e6060033036097b8c0b6bdb42f001211701301000004404086dab895b6064019f1aa560170c071bcb901c0bc00986dfaf7fddd0a8044041c28bed727008ee5cd0d006605c0b7e2405b77d2de0048444033b1438b00d89f0000008302608bc9f7f927001211d0478f0038863737009813005d6ddf47fb032011018fc41e00d509000030240046b9b08dae04408e98116f00f0c60600030260a1284f00d8150195c487b1054035ded800a079007c230e766517dd09804404d488eb4e8113ab35e2cd0d00fa06c006d1d0a54d742b00121170a4f83701000004806f9b68e1da1eba170089086829b645190093f73f5a8dce69040028c1e46ab104406717b7d0cd0048444097483f05e87b8a526d724d78ce3500b86490ab3be86e0024226010110000ce9ae0f206ba1d008908184f04008073e6b9f2753f02a0f800282fe6120100e08c65a2baebfb47002422a0ba5846040080f5d68aba6c1f01901c0175c41a220000acb5511cc7e611004545c0f16213110000d6d9249ab1750440491170aef8990800006b6c1567b07104402a11d09a0800002b6c17f96c1b01400400803b768af66c1a01400400803b7689ee6c1901400400805bfab06104001100006eb99ded220088000070cb70368b0020020080f10701400400001ffb8300200200c096abfdb9e08f00200200c0b1eff9f3553f0280080000c7eef0c74d7e08002200001cbbb73fb7f72500b48880f3c51622000042e73dd58f07fb10005a45c0c9e29f4400008466a3e291be0480a611504f7c4e040040e0d68ae3d81a0240e7083840bc43040040609689ba6c0c01604204941713890000c8da3c519d6d21004c0b81c1440000646c8228cf9e1000a6464017b18d080080b40c624308001b22a0a5d840040040a9b689ce6c07016053043414df10010050ac0da2059b4100d81801078bc5440000ece51bd190ad20006c8e808a621a110000bf5a280e6623080017222047dc4f040040cd515ce94f00b818023dc50e22008083b688ae6c0101e072043413df1301001cf2ad38960d200050907fa078850800e080d9e240ce7e0200bf454019716324370d220200446f97182a7238f30900141d02274672bf0022004074bcc7f85ec0194f00a0f408a82ea61201002ce03dc9ef08ce760200e985c075622b1100c050e34465ce7302009945c03162391100c020eb451bce700200d9474015318908006080b9a216673701806043a0bbd84c0400d0f4297efdb9ca9f00407811f047b18c0800a091cfb9b10f01806822603f318e0800a08131623fce660200d186c0456225110020063f8ad69cc50400e28b806a62b4d845040088c8345183339800803e0f155a46040008d12a7111672e0100fd22a0bc28103f13010002be8fff13a23a672d0100bd43a0a1984f040008c072d19cb3950080594f17ec21fe4d0400c8c076314c54e04c2500606608e406fa6021220070c187a231672801003b42e002f1031100a0049b443f5196739300805d1150558c0ae42b834400609bc9a23667250100bb43e04fe25322008058229a7236120070eb2b837dc48f4400e0a4d5a2ab28c3994800c0dd3f0b0c16ff250200276c15434565ce400200f042e060f1a8d8460400d69a2aea72e6810040512170989894d185824400a0aba5dccc070400520d81c6e275220030da97a293c8e15c0301807443a0b958440400465921ba8b729c632000906d085c243e230200adad143d4579ce2d1000083202ca8aee29df51900800a2b256f4e5befd20001076085410fdc57a220088d53a314054e26c020180a8ef2170a358410400915a2f068aaa9c4520001067089413edc462220008d5d7a217bff18300808e31d0d47ffcf04e220008cc2271094fe9030100536e28f417f11311006464a7982e9a71a68000808921504ddc24be230280946c16a3457dce101000b0e53a814bc507440050ec57f9bc0bfb0ee2cc0001005b63a099982611b08b0880e3768937fcbfefefcbf9000200ae84403d75ed09af49046c6608e0e01dfbeee6c97c2000e0b64b6a56149789d9fe854f0c046cb443cc14adb99a1f0400b0770ce4899bc5670c062c7a308ff7b7fd5abcc7410000a9c5c00962947fd733860426f9494c1267f1285e100040e621f03bd146bc22b6332ed0d426f182b8b8f0cf5abc7741000081c6c001a2ab78596c61741033ef35384db4e3f6bc200080e862a092fff529efa3d68d8c1122f2b398213a882abc17410000f1c6407971b678c2bfa10a438520798139557411d578cf810000f48c811c71aa78407cca7821c31bf47c2c86faafa572bcb7400000e60541aeff9bdb44b186714331d689c9fe6ba506ef1d1000807d4170b4b851ccf2afdc66fcdc7ddade6271a73889afeb810000dcfb8a614b718f5828b6328c567f4d6fae182cce1455790f800000907c31e189a2b7ff71f0370ca7b1568b29a28f68c2dff101020048370a6a880bc430f1367f36d0927783a84fc4e3a2b3a8c76b17200080a083a0ac38465cee7fd3c07b9ceb2a463832abfceb3746884ea251e12737bc3601020088f12e85de57c67afacf3078d7bfb29cd1ce8cf798e825e229ff4f32deb51a07f15a030800c0a4af21fed90f83e1feb5050bfd67c2ef74fc2afceffd509ae05f8ddf4d341775b82a1f200000db2f3a3c4cb4f09f7150e0ffc6fb9658e6dfb7609ba1bfbd7be3be54cc11cf8a21a2bb6855f8377a3eb607080000a586421571a87fedc1e9fed311af16b78afbc458ffa134aff9f130dfff8efb523f24bef407d9bb4df2bffd81dee1f32e6adce0c786f7ecfa2fc4dfc547e27dffc2c7d962a67f55fd78ffda87db440fffbfa5a5ffb7f85a3c090f30c3ff0393fb1642d6c27e380000000049454e44ae426082, 'ACTIVE', 'HARDWARE', '-', '-', '-', '-'),
(2, 'MONI', 'MONITOR', '12', '12', '4GB', '2', '', '', '', 'from', '', '', '', '', '2020-01-06', 'EDITOR', '0', '-', '-', '', 'active', 'HARDWARE', '-', '-', '-', '-'),
(3, 'MOUSE', 'MOUSE', '12', '12', '3', '2', '2', '4', '5', 'from', 'aa', '2', '21', '21', '2020-01-01', 'EDITOR', '0', '-', '', '', 'active', 'ACCESSORY', '-', '-', '-', '-');

-- --------------------------------------------------------

--
-- Table structure for table `hardwareio`
--

CREATE TABLE `hardwareio` (
  `id` int(11) NOT NULL,
  `accid` varchar(255) COLLATE utf8_unicode_ci NOT NULL DEFAULT '-',
  `hwid` varchar(255) COLLATE utf8_unicode_ci NOT NULL DEFAULT '-',
  `amount` varchar(255) COLLATE utf8_unicode_ci NOT NULL DEFAULT '-',
  `odate` varchar(255) COLLATE utf8_unicode_ci NOT NULL DEFAULT '-',
  `otime` varchar(255) COLLATE utf8_unicode_ci NOT NULL DEFAULT '-',
  `idate` varchar(255) COLLATE utf8_unicode_ci NOT NULL DEFAULT '-',
  `itime` varchar(255) COLLATE utf8_unicode_ci NOT NULL DEFAULT '-',
  `iostatus` varchar(255) COLLATE utf8_unicode_ci NOT NULL DEFAULT '-',
  `groups` varchar(50) COLLATE utf8_unicode_ci NOT NULL DEFAULT '-'
) ENGINE=InnoDB DEFAULT CHARSET=utf8 COLLATE=utf8_unicode_ci;

-- --------------------------------------------------------

--
-- Table structure for table `hardwares`
--

CREATE TABLE `hardwares` (
  `id` int(11) NOT NULL,
  `account` varchar(255) COLLATE utf8_unicode_ci NOT NULL DEFAULT '-',
  `date` varchar(255) COLLATE utf8_unicode_ci NOT NULL DEFAULT '-',
  `time` varchar(255) COLLATE utf8_unicode_ci NOT NULL DEFAULT '-',
  `hwid` varchar(255) COLLATE utf8_unicode_ci NOT NULL DEFAULT '-',
  `hw_name` varchar(255) COLLATE utf8_unicode_ci NOT NULL DEFAULT '-',
  `hw_type` varchar(255) COLLATE utf8_unicode_ci NOT NULL DEFAULT '-',
  `amount` varchar(255) COLLATE utf8_unicode_ci NOT NULL DEFAULT '-',
  `ram_info` varchar(255) COLLATE utf8_unicode_ci NOT NULL DEFAULT '-',
  `mhz_info` varchar(255) COLLATE utf8_unicode_ci NOT NULL DEFAULT '-',
  `slot_number` varchar(255) COLLATE utf8_unicode_ci NOT NULL DEFAULT '-',
  `current_ram` varchar(255) COLLATE utf8_unicode_ci NOT NULL DEFAULT '-',
  `max_ram` varchar(255) COLLATE utf8_unicode_ci NOT NULL DEFAULT '-',
  `spec_link` varchar(255) COLLATE utf8_unicode_ci NOT NULL DEFAULT '-',
  `building` varchar(255) COLLATE utf8_unicode_ci NOT NULL DEFAULT '-',
  `floor` varchar(255) COLLATE utf8_unicode_ci NOT NULL DEFAULT '-',
  `room_number` varchar(255) COLLATE utf8_unicode_ci NOT NULL DEFAULT '-',
  `room_name` varchar(255) COLLATE utf8_unicode_ci NOT NULL DEFAULT '-',
  `purchase_date` varchar(255) COLLATE utf8_unicode_ci NOT NULL DEFAULT '-',
  `user_type` varchar(255) COLLATE utf8_unicode_ci NOT NULL DEFAULT '-',
  `avail` varchar(255) COLLATE utf8_unicode_ci NOT NULL DEFAULT '-',
  `status` varchar(255) COLLATE utf8_unicode_ci NOT NULL DEFAULT '-',
  `groups` varchar(50) COLLATE utf8_unicode_ci NOT NULL DEFAULT '-',
  `note` varchar(255) COLLATE utf8_unicode_ci NOT NULL DEFAULT '-',
  `info` varchar(255) COLLATE utf8_unicode_ci NOT NULL DEFAULT '-',
  `brand` varchar(255) COLLATE utf8_unicode_ci NOT NULL DEFAULT '-',
  `contact` varchar(255) COLLATE utf8_unicode_ci NOT NULL DEFAULT '-'
) ENGINE=InnoDB DEFAULT CHARSET=utf8 COLLATE=utf8_unicode_ci;

--
-- Dumping data for table `hardwares`
--

INSERT INTO `hardwares` (`id`, `account`, `date`, `time`, `hwid`, `hw_name`, `hw_type`, `amount`, `ram_info`, `mhz_info`, `slot_number`, `current_ram`, `max_ram`, `spec_link`, `building`, `floor`, `room_number`, `room_name`, `purchase_date`, `user_type`, `avail`, `status`, `groups`, `note`, `info`, `brand`, `contact`) VALUES
(1, 'admin', '2020/01/06', '00:38:52', '-', 'COM1', 'COMUPER', '12', '4', '2', '4', '8', '12', 'from', 'A1', '2', '11', '11', '2018-01-14', 'USER', '-', '-', 'HARDWARE', '-', '-', '-', '-'),
(2, 'admin', '2020/01/06', '00:41:51', '1', 'COM1', 'COMUPER', '12', '4', '2', '4', '8', '12', 'from', 'A1', '2', '11', '11', '2018-01-14', 'USER', '-', 'ACTIVE', '-', '-', '-', '-', '-'),
(3, 'admin', '2020/01/06', '01:12:24', '-', 'MONI', 'MONITOR', '12', '4GB', '2', '', '', '', 'from', '', '', '', '', '2020-01-06', 'EDITOR', '-', '-', 'HARDWARE', '-', '-', '-', '-'),
(4, 'admin', '2020/01/06', '03:24:16', '-', 'MOUSE', 'MOUSE', '12', '3', '2', '2', '4', '5', 'from', 'aa', '2', '21', '21', '2020-01-01', 'EDITOR', '-', '-', 'ACCESSORY', '-', '-', '-', '-');

-- --------------------------------------------------------

--
-- Table structure for table `hwtype`
--

CREATE TABLE `hwtype` (
  `id` int(11) NOT NULL,
  `list` varchar(255) COLLATE utf8_unicode_ci NOT NULL DEFAULT '-'
) ENGINE=InnoDB DEFAULT CHARSET=utf8 COLLATE=utf8_unicode_ci;

--
-- Dumping data for table `hwtype`
--

INSERT INTO `hwtype` (`id`, `list`) VALUES
(1, 'COMUPER'),
(2, 'MONITOR'),
(3, 'PRINTER'),
(4, 'SCANNER'),
(5, 'PROJECTOR');

-- --------------------------------------------------------

--
-- Table structure for table `kisacc`
--

CREATE TABLE `kisacc` (
  `id` int(11) NOT NULL,
  `username` varchar(255) COLLATE utf8_unicode_ci NOT NULL,
  `password` varchar(255) COLLATE utf8_unicode_ci NOT NULL,
  `name` varchar(255) COLLATE utf8_unicode_ci NOT NULL,
  `email` varchar(255) COLLATE utf8_unicode_ci NOT NULL,
  `phone` varchar(255) COLLATE utf8_unicode_ci NOT NULL,
  `type` varchar(255) COLLATE utf8_unicode_ci NOT NULL,
  `status` varchar(255) COLLATE utf8_unicode_ci NOT NULL DEFAULT '-',
  `description` varchar(100) COLLATE utf8_unicode_ci NOT NULL,
  `image` longblob NOT NULL
) ENGINE=InnoDB DEFAULT CHARSET=utf8 COLLATE=utf8_unicode_ci;

--
-- Dumping data for table `kisacc`
--

INSERT INTO `kisacc` (`id`, `username`, `password`, `name`, `email`, `phone`, `type`, `status`, `description`, `image`) VALUES
(1, 'kukkui', '1234', 'kukkui', 'kukkui2537@gmail.com', '0843877786', 'ADMIN', '-', '', ''),
(2, 'user', '1234', 'user', 'user@gmail.com', '0822343322', 'USER', '-', '', ''),
(3, 'editor', '1234', 'edit', 'edit@gmail.com', '0822343322', 'EDITOR', '-', '', ''),
(4, 'admin', '1234', 'admin', 'admin@gmail.com', '0822343322', 'ADMIN', '-', '', '');

-- --------------------------------------------------------

--
-- Stand-in structure for view `opt`
-- (See below for the actual view)
--
CREATE TABLE `opt` (
`student_id` bigint(20)
);

-- --------------------------------------------------------

--
-- Table structure for table `questions`
--

CREATE TABLE `questions` (
  `id` int(11) NOT NULL,
  `title` varchar(255) NOT NULL,
  `optionA` varchar(255) NOT NULL,
  `optionB` varchar(255) NOT NULL,
  `optionC` varchar(255) NOT NULL,
  `optionD` varchar(255) NOT NULL,
  `correctAns` varchar(255) NOT NULL,
  `score` int(11) NOT NULL
) ENGINE=InnoDB DEFAULT CHARSET=utf8;

--
-- Dumping data for table `questions`
--

INSERT INTO `questions` (`id`, `title`, `optionA`, `optionB`, `optionC`, `optionD`, `correctAns`, `score`) VALUES
(1, 'What is DBMS?', 'D', 'B', 'M', 'S', 'a', 2),
(3, 'QUESTION TEMP 1', 'a', 'b', 'c', 'd', 'a', 2),
(4, 'QUESTION TEMP 2', 'a', 'b', 'c', 'd', 'a', 10),
(5, 'QUESTION TEMP 3', 'a', 'b', 'c', 'd', 'c', 10),
(6, 'QUESTION TEMP 4', 'a', 'b', 'c', 'd', 'd', 20),
(7, 'QUESTION TEMP 5', 'a', 'b', 'c', 'd', 'a', 2),
(8, 'QUESTION TEMP 6', 'a', 'b', 'c', 'd', 'a', 20),
(9, 'QUESTION TEMP 1', 'a', 'b', 'c', 'd', 'a', 20),
(10, 'WHAT IS DBMS 1', 'a', 'b', 'c', 'd', 'a', 20),
(11, 'WHAT IS DBMS 1', 'a', 'b', 'c', 'd', 'a', 20);

-- --------------------------------------------------------

--
-- Table structure for table `question_test_mapping`
--

CREATE TABLE `question_test_mapping` (
  `question_id` int(11) NOT NULL,
  `test_id` int(11) NOT NULL
) ENGINE=InnoDB DEFAULT CHARSET=utf8;

--
-- Dumping data for table `question_test_mapping`
--

INSERT INTO `question_test_mapping` (`question_id`, `test_id`) VALUES
(3, 4),
(4, 4),
(5, 4),
(6, 4),
(7, 4),
(8, 4),
(9, 7),
(10, 5),
(11, 5);

-- --------------------------------------------------------

--
-- Table structure for table `quizzes`
--

CREATE TABLE `quizzes` (
  `quizz_id` varchar(255) COLLATE utf8_unicode_ci NOT NULL,
  `course_id` varchar(255) COLLATE utf8_unicode_ci NOT NULL,
  `problem_number` int(255) NOT NULL,
  `Question` longtext COLLATE utf8_unicode_ci NOT NULL,
  `Option1` text COLLATE utf8_unicode_ci NOT NULL,
  `Option2` text COLLATE utf8_unicode_ci NOT NULL,
  `Option3` text COLLATE utf8_unicode_ci NOT NULL,
  `Option4` text COLLATE utf8_unicode_ci NOT NULL,
  `CorrectAnswer` text COLLATE utf8_unicode_ci NOT NULL
) ENGINE=InnoDB DEFAULT CHARSET=utf8 COLLATE=utf8_unicode_ci;

--
-- Dumping data for table `quizzes`
--

INSERT INTO `quizzes` (`quizz_id`, `course_id`, `problem_number`, `Question`, `Option1`, `Option2`, `Option3`, `Option4`, `CorrectAnswer`) VALUES
('96186', '', 0, '', '', '', '', '', ''),
('96186', '0', 1, '<p>hello</p>\r\n', 'hello', 'hi', 'hii', 'hiii', 'hello'),
('44054', '', 0, '', '', '', '', '', ''),
('44054', '0', 2, '<p>kjkjkjkj</p>\r\n', 'kjkjkjkjk', 'kjkjkjjljljl', 'jljkjkh', 'jhjh', 'kjkjkjkjk'),
('2677', '', 0, '', '', '', '', '', ''),
('2677', '0', 2, '<p>ljkjlkj</p>\r\n', 'fghfhgf', 'hgfhgfh', 'fhgfjhgjh', 'gjhgjhgjhgj', 'fghfhgf'),
('6055', '', 0, '', '', '', '', '', ''),
('6055', '0', 1, '<p>Hjhjh</p>\r\n', 'lkjlkj', 'lkjlkj', 'lkjlkjlkjlkj', 'lkjlkjljk', 'lkjlkj'),
('87353', '', 0, '', '', '', '', '', ''),
('87353', '0', 1, '<p>HIHIHIHIHIHIHIHIHI</p>\r\n', 'hkjhkjh', 'kjhkjh', 'kjhkjh', 'kjhk', 'hkjhkjh'),
('87353', '0', 2, '<p>What is bird</p>\r\n', 'hllujk', 'ilkjlkjh', 'jhkjhl', 'jlkjhljk', 'hllujk'),
('40384', '', 0, '', '', '', '', '', ''),
('40384', '0', 1, '<p>Hi her</p>\r\n', 'jhkj', 'jhkjh', 'kjhkjh', 'kjhk', 'jhkj'),
('40384', '0', 2, '<p>hgjytuytj</p>\r\n', 'ytuyhjthgf', 'hgfhfh', 'fhgfh', 'fhgf', 'ytuyhjthgf'),
('30398', '', 0, '', '', '', '', '', ''),
('30398', '0', 2, '<p>,m,.m.`</p>\r\n', 'dgfdgfdgfd', 'fdgfdg', 'dgfdg', 'dgf', 'dgfdgfdgfd'),
('28107', '', 0, '', '', '', '', '', ''),
('81637', '', 0, '', '', '', '', '', ''),
('81637', '0', 1, '<p>What is this animal : <img alt=\"\" src=\"https://www.sciencemag.org/sites/default/files/styles/article_main_large/public/dogs_1280p_0.jpg?itok=cnRk0HYq\" style=\"height:169px; width:300px\" /></p>\r\n', 'Dog', 'Cat', 'Fish', 'Dragon', 'Dog'),
('55397', '', 0, '', '', '', '', '', ''),
('55397', '0', 1, '<p>What is animal : <img alt=\"\" src=\"https://www.sciencemag.org/sites/default/files/styles/article_main_large/public/dogs_1280p_0.jpg?itok=cnRk0HYq\" style=\"height:225px; width:400px\" /></p>\r\n', 'Dog', 'Cat', 'Fish', 'Elephant', 'Dog'),
('84489', '', 0, '', '', '', '', '', ''),
('84489', '0', 1, '<p>What is this country</p>\r\n', 'Thai', 'Eng', 'hkjuhykj', 'llihlk,hj', 'Thai');

-- --------------------------------------------------------

--
-- Table structure for table `score`
--

CREATE TABLE `score` (
  `id` int(11) NOT NULL,
  `test_id` int(11) NOT NULL,
  `question_id` int(11) NOT NULL,
  `correct_count` int(11) NOT NULL,
  `wrong_count` int(11) NOT NULL
) ENGINE=InnoDB DEFAULT CHARSET=utf8;

-- --------------------------------------------------------

--
-- Table structure for table `status`
--

CREATE TABLE `status` (
  `id` int(11) NOT NULL,
  `name` varchar(255) NOT NULL
) ENGINE=InnoDB DEFAULT CHARSET=utf8;

--
-- Dumping data for table `status`
--

INSERT INTO `status` (`id`, `name`) VALUES
(1, 'PENDING'),
(2, 'RUNNING'),
(3, 'COMPLETED');

-- --------------------------------------------------------

--
-- Table structure for table `students`
--

CREATE TABLE `students` (
  `student_id` bigint(20) NOT NULL,
  `student_name` varchar(64) COLLATE utf8_unicode_ci DEFAULT NULL,
  `firstname` text COLLATE utf8_unicode_ci NOT NULL,
  `lastname` text COLLATE utf8_unicode_ci NOT NULL,
  `username` text COLLATE utf8_unicode_ci NOT NULL,
  `password` text COLLATE utf8_unicode_ci NOT NULL,
  `email` text COLLATE utf8_unicode_ci NOT NULL
) ENGINE=InnoDB DEFAULT CHARSET=utf8 COLLATE=utf8_unicode_ci;

--
-- Dumping data for table `students`
--

INSERT INTO `students` (`student_id`, `student_name`, `firstname`, `lastname`, `username`, `password`, `email`) VALUES
(1, 'student1', 'aaa', 'AAA', 'student1', 'student1', 'student1@gmail.com'),
(2, 'student2', 'bbb', 'BBB', 'student2', 'student2', 'student2@gmail.com'),
(3, 'student3', 'ccc', 'CCC', 'student3', 'student3', 'student3@gmail.com'),
(4, 'student4', 'ddd', 'DDD', 'student4', 'student4', 'student4@gmail.com');

-- --------------------------------------------------------

--
-- Table structure for table `students_quizzes`
--

CREATE TABLE `students_quizzes` (
  `quizzes_id` varchar(255) COLLATE utf8_unicode_ci NOT NULL,
  `students_id` varchar(255) COLLATE utf8_unicode_ci NOT NULL,
  `attempt` varchar(255) COLLATE utf8_unicode_ci NOT NULL,
  `scores` varchar(255) COLLATE utf8_unicode_ci NOT NULL,
  `fullscores` varchar(255) COLLATE utf8_unicode_ci NOT NULL,
  `startdate` datetime NOT NULL,
  `enddate` datetime NOT NULL
) ENGINE=InnoDB DEFAULT CHARSET=utf8 COLLATE=utf8_unicode_ci;

--
-- Dumping data for table `students_quizzes`
--

INSERT INTO `students_quizzes` (`quizzes_id`, `students_id`, `attempt`, `scores`, `fullscores`, `startdate`, `enddate`) VALUES
('211489404', '4', '3', '10', '10', '0000-00-00 00:00:00', '0000-00-00 00:00:00');

-- --------------------------------------------------------

--
-- Table structure for table `student_courses`
--

CREATE TABLE `student_courses` (
  `course_id` varchar(16) COLLATE utf8_unicode_ci NOT NULL,
  `student_id` bigint(20) NOT NULL
) ENGINE=InnoDB DEFAULT CHARSET=utf8 COLLATE=utf8_unicode_ci;

--
-- Dumping data for table `student_courses`
--

INSERT INTO `student_courses` (`course_id`, `student_id`) VALUES
('1', 1),
('1', 2),
('2', 1),
('2', 2),
('2', 4),
('3', 3),
('558592177', 2),
('558592177', 4);

-- --------------------------------------------------------

--
-- Table structure for table `student_data`
--

CREATE TABLE `student_data` (
  `id` int(11) NOT NULL,
  `rollno` int(11) NOT NULL,
  `class_id` int(11) DEFAULT NULL
) ENGINE=InnoDB DEFAULT CHARSET=utf8;

--
-- Dumping data for table `student_data`
--

INSERT INTO `student_data` (`id`, `rollno`, `class_id`) VALUES
(5, 313001, 1),
(7, 31381, NULL),
(8, 31382, NULL),
(9, 313002, 1),
(10, 31390, NULL);

-- --------------------------------------------------------

--
-- Table structure for table `student_quizzes`
--

CREATE TABLE `student_quizzes` (
  `quizz_id` varchar(255) COLLATE utf8_unicode_ci NOT NULL,
  `student_id` varchar(255) COLLATE utf8_unicode_ci NOT NULL
) ENGINE=InnoDB DEFAULT CHARSET=utf8 COLLATE=utf8_unicode_ci;

--
-- Dumping data for table `student_quizzes`
--

INSERT INTO `student_quizzes` (`quizz_id`, `student_id`) VALUES
('211489404', '1'),
('211489404', '2'),
('211489404', '4'),
('0', '1'),
('0', '4'),
('87353', '1'),
('87353', '2'),
('40384', '2'),
('84489', '1');

-- --------------------------------------------------------

--
-- Table structure for table `teachers`
--

CREATE TABLE `teachers` (
  `teacher_id` bigint(20) NOT NULL,
  `teacher_name` varchar(64) COLLATE utf8_unicode_ci DEFAULT NULL
) ENGINE=InnoDB DEFAULT CHARSET=utf8 COLLATE=utf8_unicode_ci;

--
-- Dumping data for table `teachers`
--

INSERT INTO `teachers` (`teacher_id`, `teacher_name`) VALUES
(1, 'teacher'),
(2, 'kukkui'),
(3, 'puk'),
(4, 'admin');

-- --------------------------------------------------------

--
-- Table structure for table `tests`
--

CREATE TABLE `tests` (
  `id` int(11) NOT NULL,
  `teacher_id` int(11) NOT NULL,
  `name` varchar(255) NOT NULL,
  `date` date NOT NULL,
  `status_id` int(11) NOT NULL,
  `subject` varchar(255) NOT NULL,
  `total_questions` int(11) NOT NULL,
  `class_id` int(11) NOT NULL
) ENGINE=InnoDB DEFAULT CHARSET=utf8;

--
-- Dumping data for table `tests`
--

INSERT INTO `tests` (`id`, `teacher_id`, `name`, `date`, `status_id`, `subject`, `total_questions`, `class_id`) VALUES
(4, 1, 'DBMS MOCK TEST 4', '2019-10-23', 3, 'DBMS', 12, 1),
(5, 1, 'DBMS MOCK TEST 5', '2019-10-29', 1, 'DBMS', 9, 1),
(6, 1, 'TOC MOCK TEST', '2019-10-30', 1, 'TOC', 12, 1),
(7, 1, 'DBMS MOCK TEST UPDATE', '2019-10-15', 1, 'DBMS', 12, 1);

-- --------------------------------------------------------

--
-- Table structure for table `tkinfo`
--

CREATE TABLE `tkinfo` (
  `id` int(11) NOT NULL,
  `sender` varchar(255) COLLATE utf8_unicode_ci NOT NULL DEFAULT '-',
  `question_header` varchar(255) COLLATE utf8_unicode_ci NOT NULL DEFAULT '-',
  `question_content` varchar(255) COLLATE utf8_unicode_ci NOT NULL DEFAULT '-',
  `send_date` varchar(255) COLLATE utf8_unicode_ci NOT NULL DEFAULT '-',
  `send_to` varchar(255) COLLATE utf8_unicode_ci NOT NULL DEFAULT '-',
  `reply_content` varchar(255) COLLATE utf8_unicode_ci NOT NULL DEFAULT '-',
  `reply_by` varchar(255) COLLATE utf8_unicode_ci NOT NULL DEFAULT '-',
  `reply_date` varchar(255) COLLATE utf8_unicode_ci NOT NULL DEFAULT '-'
) ENGINE=InnoDB DEFAULT CHARSET=utf8 COLLATE=utf8_unicode_ci;

-- --------------------------------------------------------

--
-- Structure for view `opt`
--
DROP TABLE IF EXISTS `opt`;

CREATE ALGORITHM=UNDEFINED DEFINER=`root`@`localhost` SQL SECURITY DEFINER VIEW `opt`  AS  select `student_courses`.`student_id` AS `student_id` from `student_courses` where `student_courses`.`course_id` = '1' ;

--
-- Indexes for dumped tables
--

--
-- Indexes for table `accessory`
--
ALTER TABLE `accessory`
  ADD PRIMARY KEY (`id`);

--
-- Indexes for table `accessorylog`
--
ALTER TABLE `accessorylog`
  ADD PRIMARY KEY (`id`);

--
-- Indexes for table `accessorytype`
--
ALTER TABLE `accessorytype`
  ADD PRIMARY KEY (`id`);

--
-- Indexes for table `classes`
--
ALTER TABLE `classes`
  ADD PRIMARY KEY (`id`);

--
-- Indexes for table `componenttype`
--
ALTER TABLE `componenttype`
  ADD PRIMARY KEY (`id`);

--
-- Indexes for table `courses`
--
ALTER TABLE `courses`
  ADD PRIMARY KEY (`course_id`);

--
-- Indexes for table `courses_topic`
--
ALTER TABLE `courses_topic`
  ADD PRIMARY KEY (`course_id`),
  ADD KEY `course_id` (`course_id`);

--
-- Indexes for table `ezhardware`
--
ALTER TABLE `ezhardware`
  ADD PRIMARY KEY (`id`);

--
-- Indexes for table `ezhardwares`
--
ALTER TABLE `ezhardwares`
  ADD PRIMARY KEY (`id`);

--
-- Indexes for table `ezhwtype`
--
ALTER TABLE `ezhwtype`
  ADD PRIMARY KEY (`id`);

--
-- Indexes for table `hardware`
--
ALTER TABLE `hardware`
  ADD PRIMARY KEY (`id`);

--
-- Indexes for table `hardwareio`
--
ALTER TABLE `hardwareio`
  ADD PRIMARY KEY (`id`);

--
-- Indexes for table `hardwares`
--
ALTER TABLE `hardwares`
  ADD PRIMARY KEY (`id`);

--
-- Indexes for table `hwtype`
--
ALTER TABLE `hwtype`
  ADD PRIMARY KEY (`id`);

--
-- Indexes for table `kisacc`
--
ALTER TABLE `kisacc`
  ADD PRIMARY KEY (`id`);

--
-- Indexes for table `questions`
--
ALTER TABLE `questions`
  ADD PRIMARY KEY (`id`);

--
-- Indexes for table `question_test_mapping`
--
ALTER TABLE `question_test_mapping`
  ADD PRIMARY KEY (`question_id`,`test_id`),
  ADD KEY `question_test_mapping_fk1` (`test_id`);

--
-- Indexes for table `score`
--
ALTER TABLE `score`
  ADD PRIMARY KEY (`id`),
  ADD KEY `score_fk0` (`test_id`),
  ADD KEY `score_fk1` (`question_id`);

--
-- Indexes for table `status`
--
ALTER TABLE `status`
  ADD PRIMARY KEY (`id`);

--
-- Indexes for table `students`
--
ALTER TABLE `students`
  ADD PRIMARY KEY (`student_id`);

--
-- Indexes for table `student_courses`
--
ALTER TABLE `student_courses`
  ADD PRIMARY KEY (`course_id`,`student_id`),
  ADD KEY `student_id` (`student_id`);

--
-- Indexes for table `student_data`
--
ALTER TABLE `student_data`
  ADD PRIMARY KEY (`id`),
  ADD KEY `student_data_fk0` (`class_id`);

--
-- Indexes for table `teachers`
--
ALTER TABLE `teachers`
  ADD PRIMARY KEY (`teacher_id`);

--
-- Indexes for table `tests`
--
ALTER TABLE `tests`
  ADD PRIMARY KEY (`id`),
  ADD KEY `tests_fk0` (`teacher_id`),
  ADD KEY `tests_fk1` (`status_id`),
  ADD KEY `tests_fk2` (`class_id`);

--
-- Indexes for table `tkinfo`
--
ALTER TABLE `tkinfo`
  ADD PRIMARY KEY (`id`);

--
-- AUTO_INCREMENT for dumped tables
--

--
-- AUTO_INCREMENT for table `accessory`
--
ALTER TABLE `accessory`
  MODIFY `id` int(11) NOT NULL AUTO_INCREMENT;

--
-- AUTO_INCREMENT for table `accessorylog`
--
ALTER TABLE `accessorylog`
  MODIFY `id` int(11) NOT NULL AUTO_INCREMENT;

--
-- AUTO_INCREMENT for table `accessorytype`
--
ALTER TABLE `accessorytype`
  MODIFY `id` int(11) NOT NULL AUTO_INCREMENT, AUTO_INCREMENT=6;

--
-- AUTO_INCREMENT for table `classes`
--
ALTER TABLE `classes`
  MODIFY `id` int(11) NOT NULL AUTO_INCREMENT, AUTO_INCREMENT=2;

--
-- AUTO_INCREMENT for table `componenttype`
--
ALTER TABLE `componenttype`
  MODIFY `id` int(11) NOT NULL AUTO_INCREMENT, AUTO_INCREMENT=5;

--
-- AUTO_INCREMENT for table `ezhardware`
--
ALTER TABLE `ezhardware`
  MODIFY `id` int(11) NOT NULL AUTO_INCREMENT;

--
-- AUTO_INCREMENT for table `ezhardwares`
--
ALTER TABLE `ezhardwares`
  MODIFY `id` int(11) NOT NULL AUTO_INCREMENT;

--
-- AUTO_INCREMENT for table `ezhwtype`
--
ALTER TABLE `ezhwtype`
  MODIFY `id` int(11) NOT NULL AUTO_INCREMENT, AUTO_INCREMENT=4;

--
-- AUTO_INCREMENT for table `hardware`
--
ALTER TABLE `hardware`
  MODIFY `id` int(11) NOT NULL AUTO_INCREMENT, AUTO_INCREMENT=4;

--
-- AUTO_INCREMENT for table `hardwareio`
--
ALTER TABLE `hardwareio`
  MODIFY `id` int(11) NOT NULL AUTO_INCREMENT;

--
-- AUTO_INCREMENT for table `hardwares`
--
ALTER TABLE `hardwares`
  MODIFY `id` int(11) NOT NULL AUTO_INCREMENT, AUTO_INCREMENT=5;

--
-- AUTO_INCREMENT for table `hwtype`
--
ALTER TABLE `hwtype`
  MODIFY `id` int(11) NOT NULL AUTO_INCREMENT, AUTO_INCREMENT=6;

--
-- AUTO_INCREMENT for table `kisacc`
--
ALTER TABLE `kisacc`
  MODIFY `id` int(11) NOT NULL AUTO_INCREMENT, AUTO_INCREMENT=5;

--
-- AUTO_INCREMENT for table `questions`
--
ALTER TABLE `questions`
  MODIFY `id` int(11) NOT NULL AUTO_INCREMENT, AUTO_INCREMENT=12;

--
-- AUTO_INCREMENT for table `score`
--
ALTER TABLE `score`
  MODIFY `id` int(11) NOT NULL AUTO_INCREMENT;

--
-- AUTO_INCREMENT for table `status`
--
ALTER TABLE `status`
  MODIFY `id` int(11) NOT NULL AUTO_INCREMENT, AUTO_INCREMENT=4;

--
-- AUTO_INCREMENT for table `student_data`
--
ALTER TABLE `student_data`
  MODIFY `id` int(11) NOT NULL AUTO_INCREMENT, AUTO_INCREMENT=11;

--
-- AUTO_INCREMENT for table `tests`
--
ALTER TABLE `tests`
  MODIFY `id` int(11) NOT NULL AUTO_INCREMENT, AUTO_INCREMENT=8;

--
-- AUTO_INCREMENT for table `tkinfo`
--
ALTER TABLE `tkinfo`
  MODIFY `id` int(11) NOT NULL AUTO_INCREMENT;

--
-- Constraints for dumped tables
--

--
-- Constraints for table `question_test_mapping`
--
ALTER TABLE `question_test_mapping`
  ADD CONSTRAINT `question_test_mapping_fk0` FOREIGN KEY (`question_id`) REFERENCES `questions` (`id`),
  ADD CONSTRAINT `question_test_mapping_fk1` FOREIGN KEY (`test_id`) REFERENCES `tests` (`id`);

--
-- Constraints for table `score`
--
ALTER TABLE `score`
  ADD CONSTRAINT `score_fk0` FOREIGN KEY (`test_id`) REFERENCES `tests` (`id`),
  ADD CONSTRAINT `score_fk1` FOREIGN KEY (`question_id`) REFERENCES `questions` (`id`);

--
-- Constraints for table `student_courses`
--
ALTER TABLE `student_courses`
  ADD CONSTRAINT `student_courses_ibfk_1` FOREIGN KEY (`course_id`) REFERENCES `courses` (`course_id`),
  ADD CONSTRAINT `student_courses_ibfk_2` FOREIGN KEY (`student_id`) REFERENCES `students` (`student_id`);

--
-- Constraints for table `student_data`
--
ALTER TABLE `student_data`
  ADD CONSTRAINT `student_data_fk0` FOREIGN KEY (`class_id`) REFERENCES `classes` (`id`);
COMMIT;

/*!40101 SET CHARACTER_SET_CLIENT=@OLD_CHARACTER_SET_CLIENT */;
/*!40101 SET CHARACTER_SET_RESULTS=@OLD_CHARACTER_SET_RESULTS */;
/*!40101 SET COLLATION_CONNECTION=@OLD_COLLATION_CONNECTION */;
